{"accuracy": 0.9012345679012346, "precision": 0.7857142857142857, "recall": 0.1375, "f1": 0.23404255319148937}